<?xml version="1.0" standalone="no" ?>
<!DOCTYPE QuestionBank SYSTEM "bank.dtd">
<QuestionBank>
<Question>
   <MCQuestion QID="MC-01" answer="1">
      <Text>What do you promise when you take the oath of citizenship?</Text>
      <OptionList>
         <Option oID="MC-01.a">
            <Text>To pledge your loyalty to Queen Elizabeth II</Text>
         </Option>
         <Option oID="MC-01.b">
            <Text>To fulfill the duties of a Canadian</Text>
         </Option>
         <Option oID="MC-01.c">
            <Text>To pledge your allegiance to the flag</Text>
            <Hint>Think regally.</Hint>
         </Option>
         <Option oID="MC-01.d">
            <Text>To pledge your loyalty to Canada from sea to sea</Text>
         </Option>
      </OptionList>
   </MCQuestion>
</Question>

<Question>
   <NumericQuestion QID="N-15" answer="1960">
      <Text>During the "Quiet Revolution," Quebec experienced rapid change. 
         In what decade did this occur? (Enter the year that began the decade, 
         e.g., 1840.)</Text>
      <NumericHintList>
         <NumericHint lower="1800" upper="1900">
            The Quiet Revolution happened during the 20th Century.</NumericHint>
         <NumericHint lower="2000" upper="2010">
            The Quiet Revolution happened some time ago.</NumericHint>
         <NumericHint lower="2020" upper="3000">
            The Quiet Revolution has already happened!</NumericHint>
      </NumericHintList>
   </NumericQuestion>
</Question>

<Question>
   <TFQuestion QID="TF-01" answer="False">
       <Text>
          The Prime Minister, Stephen Harper, is Canada's Head of State.</Text>
       <Hint>Think royalty.</Hint>
   </TFQuestion>
</Question>
   
<Question>
   <MCQuestion QID="MC-08" answer="4">
      <Text>What is the Underground Railroad?</Text>
      <OptionList>
         <Option oID="MC-08.a">
            <Text>The first railway to cross Canada</Text>
            <Hint>The Underground Railroad was generally south to north, 
               not east-west.</Hint>
         </Option>
         <Option oID="MC-08.b">
            <Text>The CPR's secret railway line</Text>
            <Hint>The Underground Railroad was secret, 
               but it had nothing to do with trains.</Hint>
         </Option>
         <Option oID="MC-08.c">
            <Text>The TTC subway system</Text>
            <Hint>The TTC is relatively recent; the Underground Railroad 
               was in operation over 100 years ago.</Hint>
         </Option>
         <Option oID="MC-08.d">
            <Text>A network used by slaves who escaped the United States 
               into Canada</Text>
         </Option>
      </OptionList>
   </MCQuestion>
</Question>
   
<Question>
   <MCQuestion QID="MC-05" answer="3">
      <Text>During the War of 1812 the Americans burned down the 
          Parliament Buildings in York (now Toronto). What did the 
          British and Canadians do in return?</Text>
      <OptionList>
         <Option oID="MC-05.a">
            <Text>They attacked American merchant ships</Text>
         </Option>
         <Option oID="MC-05.b">
            <Text>They expanded their defence system, including Fort York</Text>
         </Option>
         <Option oID="MC-05.c">
            <Text>They burned down the White House in Washington D.C.</Text>
         </Option>
         <Option oID="MC-05.d">
            <Text>They captured Niagara Falls</Text>
         </Option>
      </OptionList>
   </MCQuestion>
</Question>

<Question>
   <TFQuestion QID="TF-02" answer="False">
       <Text>CSC343 is really hard.</Text>
       <Hint>Seriously?</Hint>
   </TFQuestion>
</Question>

<Question>
   <TFQuestion QID="TF-03" answer="True">
       <Text>XQuery is fun.</Text>
       <Hint>Obscure syntax, practical value -- what's not to like?</Hint>
   </TFQuestion>
</Question>
</QuestionBank>
